sentence,country,latitude,longitude
"What's the longitude and latitude of Lake Baikal, Russia?",Russia,53.50000,108.00000
"What's the longitude and latitude of Los Angeles, United States?",United States,34.05220,-118.24370
"What's the longitude and latitude of Three Gorges Dam, China?",China,30.82310,111.00300
"What's the longitude and latitude of Cape of Good Hope, South Africa?",South Africa,-34.35680,18.47300
"What's the longitude and latitude of Mumbai, India?",India,19.07611,72.87750
"What's the longitude and latitude of Harvard University, United States?",United States,42.37700,-71.11670
"What's the longitude and latitude of The Pentagon, United States?",United States,38.87190,-77.05630
What's the longitude and latitude of Vatican City?,Vatican City,41.90290,12.45340
What's the longitude and latitude of Singapore?,Singapore,1.28333,103.83333
"What's the longitude and latitude of Suzhou, Jiangsu, China?",China,31.30000,120.61944
"What's the longitude and latitude of Brisbane, Australia?",Australia,-27.46980,153.02510
"What's the longitude and latitude of Sao Paulo, Brazil?",Brazil,-23.55050,-46.63330
"What's the longitude and latitude of Zanzibar City, Tanzania?",Tanzania,-6.16590,39.20260
"What's the longitude and latitude of Prague, Czechia?",Czechia,50.07550,14.43780
"What's the longitude and latitude of Valparaiso, Chile?",Chile,-33.04720,-71.61270
"What's the longitude and latitude of Cairo, Egypt?",Egypt,30.04440,31.23570
What's the longitude and latitude of San Marino?,San Marino,43.94240,12.45780
"What's the longitude and latitude of Auckland, New Zealand?",New Zealand,-36.85090,174.76450
"What's the longitude and latitude of Kampala, Uganda?",Uganda,0.34760,32.58250
"What's the longitude and latitude of Basilica of Our Lady of Guadalupe, Mexico?",Mexico,19.48490,-99.11760
"What's the longitude and latitude of Concepcion, Chile?",Chile,-36.82010,-73.04440
"What's the longitude and latitude of Busan, South Korea?",South Korea,35.17960,129.07560
"What's the longitude and latitude of Warsaw, Poland?",Poland,52.22970,21.01220
"What's the longitude and latitude of Lusaka, Zambia?",Zambia,-15.38750,28.32280
"What's the longitude and latitude of Times Square, United States?",United States,40.75800,-73.98550
"What's the longitude and latitude of Isfahan, Iran?",Iran,32.65460,51.66800
"What's the longitude and latitude of Luxor, Egypt?",Egypt,25.68720,32.63960
"What's the longitude and latitude of Las Vegas, United States?",United States,36.16990,-115.13980
"What's the longitude and latitude of Cali, Colombia?",Colombia,3.45160,-76.53200
"What's the longitude and latitude of Vaduz, Liechtenstein?",Liechtenstein,47.14100,9.52090
"What's the longitude and latitude of Itsukushima Shrine, Japan?",Japan,34.29600,132.31970
"What's the longitude and latitude of Queenstown, New Zealand?",New Zealand,-45.03120,168.66260
"What's the longitude and latitude of Arusha, Tanzania?",Tanzania,-3.38690,36.68300
"What's the longitude and latitude of Miami, United States?",United States,25.76170,-80.19180
"What's the longitude and latitude of Wuhan, China?",China,30.59280,114.30550
"What's the longitude and latitude of Oslo, Norway?",Norway,59.91390,10.75220
"What's the longitude and latitude of Curitiba, Brazil?",Brazil,-25.42840,-49.27330
"What's the longitude and latitude of Gqeberha, South Africa?",South Africa,-33.96080,25.60220
"What's the longitude and latitude of Panama Canal Miraflores Locks, Panama?",Panama,8.99450,-79.59070
"What's the longitude and latitude of Gyeongbokgung Palace, South Korea?",South Korea,37.57960,126.97700
"What's the longitude and latitude of Shanghai, China?",China,31.23250,121.46917
"What's the longitude and latitude of Moscow, Russia?",Russia,55.75580,37.61730
"What's the longitude and latitude of Blantyre, Malawi?",Malawi,-15.78610,35.00580
"What's the longitude and latitude of Tijuana, Mexico?",Mexico,32.51490,-117.03820
"What's the longitude and latitude of Florianopolis, Brazil?",Brazil,-27.59540,-48.54800
"What's the longitude and latitude of Canberra, Australia?",Australia,-35.28090,149.13000
"What's the longitude and latitude of Lahore, Pakistan?",Pakistan,31.54972,74.34361
"What's the longitude and latitude of Harare, Zimbabwe?",Zimbabwe,-17.82520,31.03350
"What's the longitude and latitude of Teotihuacan Pyramid of the Sun, Mexico?",Mexico,19.69250,-98.84380
"What's the longitude and latitude of Colosseum, Italy?",Italy,41.89020,12.49220
"What's the longitude and latitude of Golden Temple, India?",India,31.62000,74.87639
"What's the longitude and latitude of Victoria, Seychelles?",Seychelles,-4.61910,55.45130
"What's the longitude and latitude of Hoover Dam, United States?",United States,36.01610,-114.73770
"What's the longitude and latitude of Ushuaia, Argentina?",Argentina,-54.80190,-68.30300
"What's the longitude and latitude of Seoul, South Korea?",South Korea,37.56000,126.99000
"What's the longitude and latitude of Acropolis of Athens, Greece?",Greece,37.97150,23.72570
"What's the longitude and latitude of Dakar, Senegal?",Senegal,14.71670,-17.46770
"What's the longitude and latitude of Honolulu, United States?",United States,21.30990,-157.85810
"What's the longitude and latitude of Chengdu, China?",China,30.57280,104.06680
"What's the longitude and latitude of Rotorua, New Zealand?",New Zealand,-38.13680,176.24970
"What's the longitude and latitude of Salvador, Brazil?",Brazil,-12.97770,-38.50160
"What's the longitude and latitude of Hanoi, Vietnam?",Vietnam,21.00000,105.85000
"What's the longitude and latitude of Belgrade, Serbia?",Serbia,44.78660,20.44890
"What's the longitude and latitude of Bujumbura, Burundi?",Burundi,-3.36140,29.35990
"What's the longitude and latitude of San Salvador, El Salvador?",El Salvador,13.69290,-89.21820
"What's the longitude and latitude of Ankara, Turkey?",Turkey,39.93340,32.85970
"What's the longitude and latitude of Maputo, Mozambique?",Mozambique,-25.96920,32.57320
"What's the longitude and latitude of Havana, Cuba?",Cuba,23.11360,-82.36660
"What's the longitude and latitude of Sarajevo, Bosnia and Herzegovina?",Bosnia and Herzegovina,43.85630,18.41310
"What's the longitude and latitude of Rosario, Argentina?",Argentina,-32.94420,-60.65050
"What's the longitude and latitude of Sigiriya, Sri Lanka?",Sri Lanka,7.95694,80.75972
"What's the longitude and latitude of Aswan, Egypt?",Egypt,24.08890,32.89980
"What's the longitude and latitude of Charleston, United States?",United States,32.77650,-79.93110
"What's the longitude and latitude of Perth, Australia?",Australia,-31.95050,115.86050
"What's the longitude and latitude of Muscat, Oman?",Oman,23.58800,58.38290
"What's the longitude and latitude of Kremlin, Russia?",Russia,55.75200,37.61750
"What's the longitude and latitude of Dodoma, Tanzania?",Tanzania,-6.16300,35.75160
"What's the longitude and latitude of Belize City, Belize?",Belize,17.50460,-88.19620
"What's the longitude and latitude of Belo Horizonte, Brazil?",Brazil,-19.91670,-43.93450
"What's the longitude and latitude of Forbidden City, China?",China,39.91583,116.39083
"What's the longitude and latitude of Jerusalem, Israel/Palestine?",Israel/Palestine,31.77800,35.23540
"What's the longitude and latitude of Dubrovnik Old Town, Croatia?",Croatia,42.64000,18.11000
"What's the longitude and latitude of Omdurman, Sudan?",Sudan,15.64450,32.47770
"What's the longitude and latitude of San Jose, California, United States?",United States,37.33820,-121.88630
"What's the longitude and latitude of Fortaleza, Brazil?",Brazil,-3.73190,-38.52670
"What's the longitude and latitude of Qutub Minar, India?",India,28.52450,77.18550
"What's the longitude and latitude of Kisumu, Kenya?",Kenya,-0.09170,34.76800
"What's the longitude and latitude of Statue of Liberty, United States?",United States,40.68920,-74.04450
"What's the longitude and latitude of Fremantle Prison, Australia?",Australia,-32.05690,115.75300
"What's the longitude and latitude of Podgorica, Montenegro?",Montenegro,42.43040,19.25940
"What's the longitude and latitude of Colombo, Sri Lanka?",Sri Lanka,6.93444,79.84278
"What's the longitude and latitude of Addis Ababa, Ethiopia?",Ethiopia,8.98060,38.75780
"What's the longitude and latitude of Monterrey, Mexico?",Mexico,25.68660,-100.31610
"What's the longitude and latitude of Foz do Iguacu, Brazil?",Brazil,-25.51630,-54.58540
"What's the longitude and latitude of Charminar, India?",India,17.36160,78.47470
"What's the longitude and latitude of Windsor Castle, United Kingdom?",United Kingdom,51.48390,-0.60440
"What's the longitude and latitude of Dire Dawa, Ethiopia?",Ethiopia,9.60090,41.85010
"What's the longitude and latitude of Anchorage, United States?",United States,61.21810,-149.90030
"What's the longitude and latitude of Hagia Sophia, Turkey?",Turkey,41.00860,28.98020
"What's the longitude and latitude of Tbilisi, Georgia?",Georgia,41.71510,44.82710
"What's the longitude and latitude of Lisbon, Portugal?",Portugal,38.72230,-9.13930
"What's the longitude and latitude of Giza pyramid complex, Egypt?",Egypt,29.97920,31.13420
"What's the longitude and latitude of Calgary, Canada?",Canada,51.04470,-114.07190
"What's the longitude and latitude of Bogota, Colombia?",Colombia,4.71100,-74.07210
"What's the longitude and latitude of Meenakshi Temple, India?",India,9.91950,78.11930
"What's the longitude and latitude of Toamasina, Madagascar?",Madagascar,-18.14920,49.40230
"What's the longitude and latitude of Dallas, United States?",United States,32.77670,-96.79700
What's the longitude and latitude of Monaco?,Monaco,43.73840,7.42460
"What's the longitude and latitude of Samarkand, Uzbekistan?",Uzbekistan,39.65420,66.95970
"What's the longitude and latitude of Santa Cruz de la Sierra, Bolivia?",Bolivia,-17.78330,-63.18210
"What's the longitude and latitude of Mbabane, Eswatini?",Eswatini,-26.30540,31.13670
"What's the longitude and latitude of Seattle, United States?",United States,47.60620,-122.33210
"What's the longitude and latitude of Luang Prabang, Laos?",Laos,19.89000,102.13472
"What's the longitude and latitude of Brussels, Belgium?",Belgium,50.85030,4.35170
"What's the longitude and latitude of Pretoria, South Africa?",South Africa,-25.74790,28.22930
"What's the longitude and latitude of Salt Lake City, United States?",United States,40.76080,-111.89100
"What's the longitude and latitude of Dhaka, Bangladesh?",Bangladesh,23.76444,90.38889
"What's the longitude and latitude of Caracas, Venezuela?",Venezuela,10.48060,-66.90360
"What's the longitude and latitude of Chongqing, China?",China,29.43160,106.91230
"What's the longitude and latitude of Tirana, Albania?",Albania,41.32750,19.81870
"What's the longitude and latitude of Saint-Louis, Senegal?",Senegal,16.03260,-16.48180
"What's the longitude and latitude of Managua, Nicaragua?",Nicaragua,12.11500,-86.23620
"What's the longitude and latitude of Islamabad, Pakistan?",Pakistan,33.69306,73.06389
"What's the longitude and latitude of Francistown, Botswana?",Botswana,-21.17020,27.51440
"What's the longitude and latitude of Chateau Frontenac, Canada?",Canada,46.81190,-71.20550
"What's the longitude and latitude of Cartagena, Colombia?",Colombia,10.39100,-75.47940
"What's the longitude and latitude of Red Square, Russia?",Russia,55.75390,37.62080
"What's the longitude and latitude of Jakarta, Indonesia?",Indonesia,-6.18000,106.83000
"What's the longitude and latitude of Entebbe, Uganda?",Uganda,0.05120,32.46370
"What's the longitude and latitude of Cleveland, United States?",United States,41.49930,-81.69440
"What's the longitude and latitude of Medina, Saudi Arabia?",Saudi Arabia,24.47000,39.61000
"What's the longitude and latitude of Bern, Switzerland?",Switzerland,46.94800,7.44740
"What's the longitude and latitude of Montevideo, Uruguay?",Uruguay,-34.90110,-56.16450
"What's the longitude and latitude of Dar es Salaam, Tanzania?",Tanzania,-6.79240,39.20830
"What's the longitude and latitude of Kingston, Jamaica?",Jamaica,17.97120,-76.79360
"What's the longitude and latitude of Abu Dhabi, United Arab Emirates?",United Arab Emirates,24.46667,54.36667
"What's the longitude and latitude of Dalian, China?",China,38.91400,121.61470
"What's the longitude and latitude of Reykjavík, Iceland?",Iceland,64.14660,-21.94260
"What's the longitude and latitude of Alexandria, Egypt?",Egypt,31.20010,29.91870
"What's the longitude and latitude of New York City, United States?",United States,40.71280,-74.00600
"What's the longitude and latitude of Medellin, Colombia?",Colombia,6.24760,-75.56580
"What's the longitude and latitude of Yerevan, Armenia?",Armenia,40.17920,44.49910
"What's the longitude and latitude of Lilongwe, Malawi?",Malawi,-13.96260,33.77410
"What's the longitude and latitude of San Francisco, United States?",United States,37.77490,-122.41940
"What's the longitude and latitude of Ljubljana, Slovenia?",Slovenia,46.05690,14.50580
"What's the longitude and latitude of Pyongyang, North Korea?",North Korea,39.01667,125.74750
"What's the longitude and latitude of Windhoek, Namibia?",Namibia,-22.56090,17.06580
"What's the longitude and latitude of Mexico City, Mexico?",Mexico,19.43260,-99.13320
"What's the longitude and latitude of Santiago, Santiago Metropolitan Region, Chile?",Chile,-33.44890,-70.66930
"What's the longitude and latitude of Beijing, China?",China,39.90667,116.39750
"What's the longitude and latitude of Stockholm, Sweden?",Sweden,59.32930,18.06860
"What's the longitude and latitude of Ndola, Zambia?",Zambia,-12.95870,28.63660
"What's the longitude and latitude of Colon, Panama?",Panama,9.35470,-79.90010
"What's the longitude and latitude of Tel Aviv, Israel?",Israel,32.08530,34.78180
"What's the longitude and latitude of Rio de Janeiro, Brazil?",Brazil,-22.90680,-43.17290
"What's the longitude and latitude of Kota Kinabalu, Malaysia?",Malaysia,5.98040,116.07350
"What's the longitude and latitude of Sofia, Bulgaria?",Bulgaria,42.69770,23.32190
"What's the longitude and latitude of Giza, Egypt?",Egypt,29.98700,31.21180
"What's the longitude and latitude of Lincoln Memorial, United States?",United States,38.88930,-77.05020
"What's the longitude and latitude of Hiroshima Peace Memorial, Japan?",Japan,34.39556,132.45361
"What's the longitude and latitude of Hollywood Sign, United States?",United States,34.13410,-118.32150
"What's the longitude and latitude of Mont Saint-Michel, France?",France,48.63600,-1.51150
"What's the longitude and latitude of Lima, Peru?",Peru,-12.04640,-77.04280
"What's the longitude and latitude of Ulaanbaatar, Mongolia?",Mongolia,47.92194,106.91528
"What's the longitude and latitude of Nassau, The Bahamas?",The Bahamas,25.04430,-77.35040
"What's the longitude and latitude of Dubai, United Arab Emirates?",United Arab Emirates,25.20472,55.27083
"What's the longitude and latitude of Chișinău, Moldova?",Moldova,47.01050,28.86380
"What's the longitude and latitude of Port of Spain, Trinidad and Tobago?",Trinidad and Tobago,10.65490,-61.50190
"What's the longitude and latitude of Sugarloaf Mountain Cable Station, Brazil?",Brazil,-22.94860,-43.15660
"What's the longitude and latitude of Amritsar, India?",India,31.63400,74.87230
"What's the longitude and latitude of Harbin, China?",China,45.75760,126.64090
"What's the longitude and latitude of Hermitage Museum, Russia?",Russia,59.93980,30.31460
"What's the longitude and latitude of Washington, United States?",United States,38.90720,-77.03690
"What's the longitude and latitude of Arequipa, Peru?",Peru,-16.40900,-71.53750
"What's the longitude and latitude of Paro Taktsang, Bhutan?",Bhutan,27.49191,89.36349
"What's the longitude and latitude of Kennedy Space Center, United States?",United States,28.57290,-80.64890
"What's the longitude and latitude of Stonehenge, United Kingdom?",United Kingdom,51.17890,-1.82620
"What's the longitude and latitude of Damascus, Syria?",Syria,33.51380,36.27650
"What's the longitude and latitude of Queretaro, Mexico?",Mexico,20.58880,-100.38990
"What's the longitude and latitude of Paramaribo, Suriname?",Suriname,5.85200,-55.20380
"What's the longitude and latitude of Phuket, Thailand?",Thailand,7.89000,98.39833
"What's the longitude and latitude of Rome, Italy?",Italy,41.90280,12.49640
"What's the longitude and latitude of Tegucigalpa, Honduras?",Honduras,14.07230,-87.19210
"What's the longitude and latitude of Chennai, India?",India,13.08250,80.27500
"What's the longitude and latitude of Delhi, India?",India,28.61000,77.23000
"What's the longitude and latitude of Kyiv, Ukraine?",Ukraine,50.45010,30.52340
"What's the longitude and latitude of Port-au-Prince, Haiti?",Haiti,18.59440,-72.30740
"What's the longitude and latitude of Easter Island Moai at Ahu Tongariki, Chile?",Chile,-27.12580,-109.27670
"What's the longitude and latitude of Varanasi, India?",India,25.31889,83.01278
"What's the longitude and latitude of Minneapolis, United States?",United States,44.97780,-93.26500
"What's the longitude and latitude of Berlin, Germany?",Germany,52.52000,13.40500
"What's the longitude and latitude of Kathmandu, Nepal?",Nepal,27.71000,85.32000
"What's the longitude and latitude of Asuncion, Paraguay?",Paraguay,-25.26370,-57.57590
"What's the longitude and latitude of Montreal, Canada?",Canada,45.50170,-73.56730
"What's the longitude and latitude of Nikko Toshogu Shrine, Japan?",Japan,36.75810,139.59890
"What's the longitude and latitude of Vienna, Austria?",Austria,48.20820,16.37380
"What's the longitude and latitude of Mount Rushmore, United States?",United States,43.87910,-103.45910
"What's the longitude and latitude of Jaipur, India?",India,26.91500,75.82000
"What's the longitude and latitude of La Paz, Bolivia?",Bolivia,-16.48970,-68.11930
"What's the longitude and latitude of Da Nang, Vietnam?",Vietnam,16.06944,108.20972
"What's the longitude and latitude of Athens, Greece?",Greece,37.98380,23.72750
"What's the longitude and latitude of Vancouver, Canada?",Canada,49.28270,-123.12070
"What's the longitude and latitude of Nagasaki Peace Park, Japan?",Japan,32.77310,129.86440
"What's the longitude and latitude of Palace of Fine Arts, Mexico?",Mexico,19.43520,-99.14120
"What's the longitude and latitude of Belem, Brazil?",Brazil,-1.45580,-48.49020
"What's the longitude and latitude of Skopje, North Macedonia?",North Macedonia,41.99810,21.42540
"What's the longitude and latitude of Srinagar, India?",India,34.08370,74.79730
"What's the longitude and latitude of Gateway Arch, United States?",United States,38.62470,-90.18480
"What's the longitude and latitude of Mandalay, Myanmar?",Myanmar,21.98306,96.08444
"What's the longitude and latitude of Madrid, Spain?",Spain,40.41680,-3.70380
"What's the longitude and latitude of Christ the Redeemer, Brazil?",Brazil,-22.95190,-43.21050
"What's the longitude and latitude of Jacksonville, United States?",United States,30.33220,-81.65570
"What's the longitude and latitude of Burj Khalifa, United Arab Emirates?",United Arab Emirates,25.19720,55.27420
"What's the longitude and latitude of Tashkent, Uzbekistan?",Uzbekistan,41.29950,69.24010
"What's the longitude and latitude of Palace of Versailles, France?",France,48.80490,2.12040
"What's the longitude and latitude of Empire State Building, United States?",United States,40.74840,-73.98570
"What's the longitude and latitude of Manaus, Brazil?",Brazil,-3.11900,-60.02170
"What's the longitude and latitude of Phnom Penh, Cambodia?",Cambodia,11.56944,104.92111
"What's the longitude and latitude of Ottawa, Canada?",Canada,45.42150,-75.69720
"What's the longitude and latitude of Zagreb, Croatia?",Croatia,45.81500,15.98190
"What's the longitude and latitude of George Town, Malaysia?",Malaysia,5.41410,100.32880
"What's the longitude and latitude of Cancun, Mexico?",Mexico,21.16190,-86.85150
"What's the longitude and latitude of Brasilia, Brazil?",Brazil,-15.79390,-47.88280
"What's the longitude and latitude of Persepolis, Iran?",Iran,29.93520,52.89160
"What's the longitude and latitude of Bucharest, Romania?",Romania,44.42680,26.10250
"What's the longitude and latitude of White House, United States?",United States,38.89770,-77.03650
"What's the longitude and latitude of Macau Historic Centre, China?",China,22.19870,113.54390
"What's the longitude and latitude of Quito, Ecuador?",Ecuador,-0.18070,-78.46780
"What's the longitude and latitude of Terracotta Army, China?",China,34.38500,109.27306
"What's the longitude and latitude of Minsk, Belarus?",Belarus,53.90060,27.55900
"What's the longitude and latitude of Space Needle, United States?",United States,47.62050,-122.34930
"What's the longitude and latitude of Manila, Philippines?",Philippines,14.59580,120.97720
"What's the longitude and latitude of Boston, United States?",United States,42.36010,-71.05890
"What's the longitude and latitude of Xi'an, China?",China,34.34160,108.93980
"What's the longitude and latitude of Tikal Temple I, Guatemala?",Guatemala,17.22210,-89.62370
"What's the longitude and latitude of Nanjing, China?",China,32.06030,118.79690
"What's the longitude and latitude of Parliament Hill, Canada?",Canada,45.42360,-75.70090
"What's the longitude and latitude of Yogyakarta, Indonesia?",Indonesia,-7.80139,110.36444
"What's the longitude and latitude of Osaka, Japan?",Japan,34.69389,135.50222
"What's the longitude and latitude of Austin, United States?",United States,30.26720,-97.74310
"What's the longitude and latitude of Lijiang Old Town, China?",China,26.86667,100.23333
"What's the longitude and latitude of Guatemala City, Guatemala?",Guatemala,14.63490,-90.50690
"What's the longitude and latitude of Thimphu, Bhutan?",Bhutan,27.47222,89.63611
"What's the longitude and latitude of Edmonton, Canada?",Canada,53.54610,-113.49380
"What's the longitude and latitude of Marina Bay Sands, Singapore?",Singapore,1.28250,103.86000
"What's the longitude and latitude of Atlanta, United States?",United States,33.74900,-84.38800
"What's the longitude and latitude of Hampi, India?",India,15.33444,76.46222
"What's the longitude and latitude of Mecca, Saudi Arabia?",Saudi Arabia,21.42250,39.82333
"What's the longitude and latitude of Bridgetown, Barbados?",Barbados,13.09750,-59.61670
"What's the longitude and latitude of Baghdad, Iraq?",Iraq,33.31520,44.36610
"What's the longitude and latitude of Pittsburgh, United States?",United States,40.44060,-79.99590
"What's the longitude and latitude of Taipei, China?",China,25.03750,121.56250
"What's the longitude and latitude of Grand Central Terminal, United States?",United States,40.75270,-73.97720
"What's the longitude and latitude of Ho Chi Minh City, Vietnam?",Vietnam,10.77556,106.70194
"What's the longitude and latitude of Portland, Oregon, United States?",United States,45.51520,-122.67840
"What's the longitude and latitude of Tehran, Iran?",Iran,35.68920,51.38900
"What's the longitude and latitude of Hue Imperial City, Vietnam?",Vietnam,16.46370,107.59090
"What's the longitude and latitude of Halifax, Canada?",Canada,44.64880,-63.57520
"What's the longitude and latitude of Kolkata, India?",India,22.56750,88.37000
"What's the longitude and latitude of Santo Domingo, Dominican Republic?",Dominican Republic,18.48610,-69.93120
"What's the longitude and latitude of Petra, Jordan?",Jordan,30.32850,35.44440
"What's the longitude and latitude of Panama City, Panama?",Panama,8.98240,-79.51990
"What's the longitude and latitude of Kyoto, Japan?",Japan,35.01161,135.76811
"What's the longitude and latitude of Havana Capitol, Cuba?",Cuba,23.13500,-82.35920
"What's the longitude and latitude of Sapporo, Japan?",Japan,43.06180,141.35450
"What's the longitude and latitude of Kuwait City, Kuwait?",Kuwait,29.37590,47.97740
"What's the longitude and latitude of United States Capitol, United States?",United States,38.88990,-77.00910
"What's the longitude and latitude of Potala Palace, China?",China,29.65778,91.11694
"What's the longitude and latitude of Tulum Archaeological Zone, Mexico?",Mexico,20.21490,-87.42910
"What's the longitude and latitude of Kandy, Sri Lanka?",Sri Lanka,7.29060,80.63370
"What's the longitude and latitude of San Diego, United States?",United States,32.71570,-117.16110
"What's the longitude and latitude of Borobudur, Indonesia?",Indonesia,-7.60800,110.20400
"What's the longitude and latitude of Chichen Itza, Mexico?",Mexico,20.68430,-88.56780
"What's the longitude and latitude of Prambanan, Indonesia?",Indonesia,-7.75222,110.49167
"What's the longitude and latitude of Bali, Indonesia?",Indonesia,-8.33500,115.08806
"What's the longitude and latitude of Victoria, British Columbia, Canada?",Canada,48.42840,-123.36560
"What's the longitude and latitude of Leshan Giant Buddha, China?",China,29.54472,103.77333
"What's the longitude and latitude of Parliament House, Australia?",Australia,-35.30810,149.12440
"What's the longitude and latitude of Sky Tower, New Zealand?",New Zealand,-36.84850,174.76220
"What's the longitude and latitude of Cairns, Australia?",Australia,-16.91860,145.77810
"What's the longitude and latitude of Aksum Obelisks, Ethiopia?",Ethiopia,14.13100,38.71800
"What's the longitude and latitude of Great Mosque of Djenné, Mali?",Mali,13.90610,-4.55500
"What's the longitude and latitude of Gorée, Senegal?",Senegal,14.66700,-17.39800
"What's the longitude and latitude of Bissau, Guinea-Bissau?",Guinea-Bissau,11.88170,-15.61700
"What's the longitude and latitude of Basilica of Our Lady of Peace, Yamoussoukro, Côte d’Ivoire?","Yamoussoukro, Côte d’Ivoire",6.81610,-5.27500
"What's the longitude and latitude of Cape Coast Castle, Ghana?",Ghana,5.10530,-1.24660
"What's the longitude and latitude of Abu Simbel Temples, Egypt?",Egypt,22.33720,31.62580
"What's the longitude and latitude of El Jem Amphitheatre, Tunisia?",Tunisia,35.29600,10.70600
"What's the longitude and latitude of Abuja, Nigeria?",Nigeria,9.07650,7.39860
"What's the longitude and latitude of Douala, Cameroon?",Cameroon,4.05110,9.76790
"What's the longitude and latitude of Cotonou, Benin?",Benin,6.37030,2.39120
"What's the longitude and latitude of Accra, Ghana?",Ghana,5.60370,-0.18700
"What's the longitude and latitude of Aït Benhaddou, Morocco?",Morocco,31.04700,-7.12900
"What's the longitude and latitude of Freetown, Sierra Leone?",Sierra Leone,8.46570,-13.23170
"What's the longitude and latitude of Yamoussoukro, Côte d’Ivoire?",Côte d’Ivoire,6.82760,-5.28930
"What's the longitude and latitude of Karnak, Egypt?",Egypt,25.71880,32.65730
"What's the longitude and latitude of Lagos, Nigeria?",Nigeria,6.52440,3.37920
What's the longitude and latitude of Great Zimbabwe?,Zimbabwe,-20.26700,30.93300
"What's the longitude and latitude of Great Sphinx of Giza, Egypt?",Egypt,29.97530,31.13760
"What's the longitude and latitude of Kasubi Tombs, Uganda?",Uganda,0.33670,32.55310
"What's the longitude and latitude of Conakry, Guinea?",Guinea,9.64120,-13.57840
"What's the longitude and latitude of Topkapı Palace, Turkey?",Turkey,41.01150,28.98330
"What's the longitude and latitude of Brasilia Cathedral, Brazil?",Brazil,-15.79810,-47.87560
"What's the longitude and latitude of Banjul, The Gambia?",The Gambia,13.45490,-16.57900
"What's the longitude and latitude of Brandenburg Gate, Germany?",Germany,52.51630,13.37770
"What's the longitude and latitude of Kano, Nigeria?",Nigeria,12.00220,8.59200
"What's the longitude and latitude of La Moneda Palace, Chile?",Chile,-33.44290,-70.65360
"What's the longitude and latitude of Saint Petersburg, Russia?",Russia,59.93110,30.36090
"What's the longitude and latitude of Stone Town, Tanzania?",Tanzania,-6.16220,39.18830
"What's the longitude and latitude of Bangui, Central African Republic?",Central African Republic,4.39470,18.55820
"What's the longitude and latitude of Neuschwanstein Castle, Germany?",Germany,47.55760,10.74980
"What's the longitude and latitude of Abidjan, Côte d’Ivoire?",Côte d’Ivoire,5.36000,-4.00830
"What's the longitude and latitude of Seville, Spain?",Spain,37.38910,-5.98450
"What's the longitude and latitude of Lalibela Rock-Hewn Churches, Ethiopia?",Ethiopia,12.03190,39.04750
"What's the longitude and latitude of Naples, Italy?",Italy,40.85180,14.26810
"What's the longitude and latitude of Kumasi, Ghana?",Ghana,6.68850,-1.62440
"What's the longitude and latitude of Carthage Archaeological Site, Tunisia?",Tunisia,36.85300,10.32300
"What's the longitude and latitude of Bran Castle, Romania?",Romania,45.51500,25.36720
"What's the longitude and latitude of Elmina Castle, Ghana?",Ghana,5.08330,-1.35000
"What's the longitude and latitude of Glasgow, United Kingdom?",United Kingdom,55.86420,-4.25180
"What's the longitude and latitude of Charles Bridge, Czechia?",Czechia,50.08650,14.41140
"What's the longitude and latitude of Valencia, Spain?",Spain,39.46990,-0.37630
"What's the longitude and latitude of Porto, Portugal?",Portugal,41.15790,-8.62910
"What's the longitude and latitude of Venice, Italy?",Italy,45.44080,12.31550
"What's the longitude and latitude of Lyon, France?",France,45.76400,4.83570
"What's the longitude and latitude of Leaning Tower of Pisa, Italy?",Italy,43.72300,10.39660
"What's the longitude and latitude of Milan, Italy?",Italy,45.46420,9.19000
"What's the longitude and latitude of University of Texas at Austin, United States?",United States,30.28490,-97.73410
"What's the longitude and latitude of Rila Monastery, Bulgaria?",Bulgaria,42.13330,23.34000
"What's the longitude and latitude of Sultan Qaboos Grand Mosque, Oman?",Oman,23.58330,58.38940
"What's the longitude and latitude of Monument to the Revolution, Mexico?",Mexico,19.43610,-99.15460
"What's the longitude and latitude of Blue Mosque, Turkey?",Turkey,41.00540,28.97680
"What's the longitude and latitude of Oxford, United Kingdom?",United Kingdom,51.75200,-1.25770
"What's the longitude and latitude of Fort George, Trinidad and Tobago?",Trinidad and Tobago,10.66860,-61.53290
"What's the longitude and latitude of Registan, Uzbekistan?",Uzbekistan,39.65480,66.97580
"What's the longitude and latitude of Almaty, Kazakhstan?",Kazakhstan,43.23830,76.94550
"What's the longitude and latitude of Bordeaux, France?",France,44.83780,-0.57920
"What's the longitude and latitude of Notre-Dame Basilica of Montreal, Canada?",Canada,45.50450,-73.55610
"What's the longitude and latitude of Bukhara, Uzbekistan?",Uzbekistan,39.77470,64.42860
What's the longitude and latitude of National Palace of El Salvador?,El Salvador,13.69750,-89.19140
"What's the longitude and latitude of Alhambra, Spain?",Spain,37.17610,-3.58810
"What's the longitude and latitude of Masada, Israel?",Israel,31.31560,35.35360
"What's the longitude and latitude of Library of Congress, United States?",United States,38.88870,-77.00470
"What's the longitude and latitude of Bagan Archaeological Zone, Myanmar?",Myanmar,21.17170,94.85850
"What's the longitude and latitude of Nice, France?",France,43.71020,7.26200
"What's the longitude and latitude of Shiraz, Iran?",Iran,29.59180,52.58370
"What's the longitude and latitude of Kazan Kremlin, Russia?",Russia,55.79800,49.10640
"What's the longitude and latitude of Mount Tavurvur, Papua New Guinea?",Papua New Guinea,-4.23600,152.20300
"What's the longitude and latitude of Buka Island, Papua New Guinea?",Papua New Guinea,-5.25000,154.65000
"What's the longitude and latitude of Sigatoka Sand Dunes, Fiji?",Fiji,-18.16670,177.98330
"What's the longitude and latitude of Mount Otemanu, France?",France,-16.50000,-151.74170
"What's the longitude and latitude of Lord Howe Island, Australia?",Australia,-31.55530,159.08200
"What's the longitude and latitude of Lake Poopo, Bolivia?",Bolivia,-18.80000,-67.10000
"What's the longitude and latitude of Villarrica Volcano summit, Chile?",Chile,-39.42000,-71.93000
"What's the longitude and latitude of Colca Canyon Cruz del Condor viewpoint, Peru?",Peru,-15.60800,-71.89900
"What's the longitude and latitude of Dunes of Lencois Maranhenses, Brazil?",Brazil,-2.48300,-43.12500
"What's the longitude and latitude of Morne Seychellois, Seychelles?",Seychelles,-4.65000,55.45000
"What's the longitude and latitude of Salar de Atacama, Chile?",Chile,-23.50000,-68.25000
"What's the longitude and latitude of Mount Bintumani, Sierra Leone?",Sierra Leone,9.16000,-11.11000
"What's the longitude and latitude of Lake Chilwa, Malawi?",Malawi,-15.30000,35.70000
"What's the longitude and latitude of Lake Argentino, Argentina?",Argentina,-50.25000,-72.75000
"What's the longitude and latitude of Simien Mountains National Park, Ethiopia?",Ethiopia,13.18330,38.06670
"What's the longitude and latitude of Cerro Torre summit, Argentina?",Argentina,-49.29300,-73.09800
"What's the longitude and latitude of Mount Toubkal foothill peak Jbel Ouanoukrim, Morocco?",Morocco,31.02000,-7.91000
"What's the longitude and latitude of Mount Elgon, Uganda / Kenya?",Uganda / Kenya,1.12000,34.55000
"What's the longitude and latitude of Lake Guatavita, Colombia?",Colombia,4.97800,-73.77300
"What's the longitude and latitude of Rwenzori Mountains, Uganda / Democratic Republic of the Congo?",Uganda / Democratic Republic of the Congo,0.40000,29.90000
"What's the longitude and latitude of Samburu National Reserve, Kenya?",Kenya,0.56670,37.53330
"What's the longitude and latitude of Cerro Catedral summit, Uruguay?",Uruguay,-34.84000,-54.98000
"What's the longitude and latitude of Gouina Falls, Mali?",Mali,13.30000,-11.05000
"What's the longitude and latitude of Ibera Wetlands Laguna Iberá, Argentina?",Argentina,-28.50000,-57.00000
"What's the longitude and latitude of Etosha National Park, Namibia?",Namibia,-18.94530,15.89780
"What's the longitude and latitude of Mount Karisimbi, Rwanda / Democratic Republic of the Congo?",Rwanda / Democratic Republic of the Congo,-1.50600,29.45000
"What's the longitude and latitude of Lake Ypacarai, Paraguay?",Paraguay,-25.30000,-57.30000
"What's the longitude and latitude of Lake Tanganyika, Tanzania / DRC / Burundi / Zambia?",Tanzania / DRC / Burundi / Zambia,-6.00000,29.50000
"What's the longitude and latitude of Chalbi Desert, Kenya?",Kenya,3.50000,37.00000
"What's the longitude and latitude of Quilotoa crater lake, Ecuador?",Ecuador,-0.87200,-78.90200
"What's the longitude and latitude of Lake Abbe, Djibouti / Ethiopia?",Djibouti / Ethiopia,11.10000,41.78000
"What's the longitude and latitude of Lake Junin, Peru?",Peru,-11.00000,-76.10000
"What's the longitude and latitude of Serengeti National Park, Tanzania?",Tanzania,-2.40000,34.60000
"What's the longitude and latitude of Ponta do Ouro, Mozambique?",Mozambique,-26.85000,32.88330
"What's the longitude and latitude of Atacama Valley of the Moon, Chile?",Chile,-22.91600,-68.25000
"What's the longitude and latitude of Lake Malawi, Malawi / Mozambique / Tanzania?",Malawi / Mozambique / Tanzania,-12.00000,34.50000
"What's the longitude and latitude of Cenote Ik Kil, Mexico?",Mexico,20.66670,-88.56810
"What's the longitude and latitude of Mount Aragats, Armenia?",Armenia,40.52300,44.19600
"What's the longitude and latitude of Lake Victoria, Africa, Tanzania / Uganda / Kenya?",Tanzania / Uganda / Kenya,-1.00000,33.00000
"What's the longitude and latitude of Lake Titicaca, Peru?",Peru,-15.80000,-69.40000
"What's the longitude and latitude of Ometepe Concepcion Volcano, Nicaragua?",Nicaragua,11.53800,-85.62300
"What's the longitude and latitude of Krasnoyarsk Stolby Nature Reserve, Russia?",Russia,55.95000,92.76670
"What's the longitude and latitude of Mount Nimba, Guinea / Côte d’Ivoire / Liberia?",Guinea / Côte d’Ivoire / Liberia,7.60000,-8.40000
"What's the longitude and latitude of Masaya Volcano crater, Nicaragua?",Nicaragua,11.98400,-86.16100
"What's the longitude and latitude of Cliffs of Moher, Ireland?",Ireland,52.97150,-9.43090
"What's the longitude and latitude of Pico Paraná summit, Brazil?",Brazil,-25.24300,-48.84900
"What's the longitude and latitude of Lake Kainji, Nigeria?",Nigeria,10.40000,4.60000
"What's the longitude and latitude of Giant’s Causeway, United Kingdom?",United Kingdom,55.24080,-6.51160
"What's the longitude and latitude of Mount Nyiragongo, Democratic Republic of the Congo?",Democratic Republic of the Congo,-1.52300,29.25000
"What's the longitude and latitude of Tayrona Cabo San Juan, Colombia?",Colombia,11.31900,-74.03600
"What's the longitude and latitude of Vinson Massif, Antarctica?",Antarctica,-78.52560,-85.61720
"What's the longitude and latitude of Mount Erebus, Antarctica?",Antarctica,-77.52972,167.15333
"What's the longitude and latitude of Mount Ruapehu, New Zealand?",New Zealand,-39.28000,175.57000
"What's the longitude and latitude of Waitomo Glowworm Caves, New Zealand?",New Zealand,-38.26000,175.11000
"What's the longitude and latitude of Wave Rock, Australia?",Australia,-32.44400,118.89500
"What's the longitude and latitude of Mount Kosciuszko, Australia?",Australia,-36.45590,148.26360
"What's the longitude and latitude of Mount Taranaki, New Zealand?",New Zealand,-39.29690,174.06360
"What's the longitude and latitude of Kangaroo Island, Australia?",Australia,-35.77500,137.21400
"What's the longitude and latitude of Kata Tjuta, Australia?",Australia,-25.30000,130.73330
"What's the longitude and latitude of Pinnacles Desert, Australia?",Australia,-30.60000,115.16000
"What's the longitude and latitude of Huka Falls, New Zealand?",New Zealand,-38.64800,176.08800
"What's the longitude and latitude of Kakadu National Park, Australia?",Australia,-13.09230,132.39380
"What's the longitude and latitude of Fraser Island (K'gari), Australia?",Australia,-25.25000,153.15000
"What's the longitude and latitude of Blue Mountains Three Sisters, Australia?",Australia,-33.73200,150.31200
"What's the longitude and latitude of Rarotonga, Cook Islands?",Cook Islands,-21.23000,-159.77770
"What's the longitude and latitude of Tasmania, Australia?",Australia,-42.00000,147.00000
"What's the longitude and latitude of Kandy Lake, Sri Lanka?",Sri Lanka,7.29330,80.64050
"What's the longitude and latitude of Iztaccihuatl summit, Mexico?",Mexico,19.17900,-98.64300
"What's the longitude and latitude of Kangchenjunga, Nepal/India?",Nepal/India,27.70250,88.14750
"What's the longitude and latitude of Copper Canyon Urique viewpoint, Mexico?",Mexico,27.19400,-107.91800
"What's the longitude and latitude of Issyk-Kul, Kyrgyzstan?",Kyrgyzstan,42.44000,77.30000
"What's the longitude and latitude of Big Almaty Lake, Kazakhstan?",Kazakhstan,43.05000,76.98500
"What's the longitude and latitude of Ouzoud Falls, Morocco?",Morocco,32.01500,-6.72000
"What's the longitude and latitude of Preikestolen, Norway?",Norway,58.98600,6.18800
"What's the longitude and latitude of Mount Whitney summit, United States?",United States,36.57850,-118.29230
"What's the longitude and latitude of Mount Paektu, North Korea/China?",North Korea/China,41.99300,128.07900
"What's the longitude and latitude of Tofo Beach, Mozambique?",Mozambique,-23.85000,35.55000
"What's the longitude and latitude of Fitz Roy summit, Argentina?",Argentina,-49.27200,-73.04300
"What's the longitude and latitude of Nahanni Virginia Falls, Canada?",Canada,61.60000,-125.75000
"What's the longitude and latitude of Lake Skadar, Montenegro / Albania?",Montenegro / Albania,42.16670,19.25000
"What's the longitude and latitude of Seoraksan, South Korea?",South Korea,38.11900,128.46500
"What's the longitude and latitude of Tana Lake, Ethiopia?",Ethiopia,12.00000,37.25000
"What's the longitude and latitude of Mount Pelée summit, France?",France,14.80900,-61.16600
"What's the longitude and latitude of Darvaza Gas Crater, Turkmenistan?",Turkmenistan,40.25200,58.43900
"What's the longitude and latitude of Triglav, Slovenia?",Slovenia,46.37860,13.83670
"What's the longitude and latitude of Nahuel Huapi Lake, Argentina?",Argentina,-40.85000,-71.60000
"What's the longitude and latitude of Lake Bosumtwi, Ghana?",Ghana,6.50000,-1.40000
"What's the longitude and latitude of Lake Atitlan, Guatemala?",Guatemala,14.69000,-91.20200
"What's the longitude and latitude of Phong Nha-Ke Bang National Park, Vietnam?",Vietnam,17.53722,106.15139
"What's the longitude and latitude of Chobe National Park, Botswana?",Botswana,-18.66670,24.50000
"What's the longitude and latitude of Komodo Island, Indonesia?",Indonesia,-8.55000,119.45000
"What's the longitude and latitude of Lake Maggiore, Italy / Switzerland?",Italy / Switzerland,46.05000,8.65000
"What's the longitude and latitude of Moraine Lake, Canada?",Canada,51.32170,-116.18600
"What's the longitude and latitude of Perito Moreno Glacier, Argentina?",Argentina,-50.49600,-73.13700
"What's the longitude and latitude of Kaziranga National Park, India?",India,26.57750,93.17110
"What's the longitude and latitude of Mount Meru, Tanzania?",Tanzania,-3.24400,36.74600
"What's the longitude and latitude of Lake Enriquillo, Dominican Republic?",Dominican Republic,18.49000,-71.63000
"What's the longitude and latitude of Ben Nevis, United Kingdom?",United Kingdom,56.79690,-5.00360
"What's the longitude and latitude of Kinabalu Park, Malaysia?",Malaysia,6.08330,116.55000
"What's the longitude and latitude of Augrabies Falls, South Africa?",South Africa,-28.58330,20.33330
"What's the longitude and latitude of Cradle Mountain, Australia?",Australia,-41.68400,145.96400
"What's the longitude and latitude of Bondi Beach, Australia?",Australia,-33.89150,151.27670
"What's the longitude and latitude of Uluru, Australia?",Australia,-25.34500,131.03611
"What's the longitude and latitude of Yosemite Half Dome, United States?",United States,37.74590,-119.53320
"What's the longitude and latitude of Kaieteur Falls, Guyana?",Guyana,5.17670,-59.48080
"What's the longitude and latitude of Zhangjiajie National Forest Park, China?",China,29.34992,110.43515
"What's the longitude and latitude of Mount Elbrus, Russia?",Russia,43.34990,42.44530
"What's the longitude and latitude of Sahara Desert, North Africa?",North Africa,23.00000,13.00000
"What's the longitude and latitude of Mount Rainier summit, United States?",United States,46.85230,-121.76030
"What's the longitude and latitude of Mount Apo, Philippines?",Philippines,6.98750,125.27083
"What's the longitude and latitude of Twelve Apostles, Australia?",Australia,-38.66500,143.10500
"What's the longitude and latitude of Aconcagua summit, Argentina?",Argentina,-32.65300,-70.01100
"What's the longitude and latitude of Chocolate Hills, Philippines?",Philippines,9.91667,124.16667
"What's the longitude and latitude of Lake Chad, Chad / Nigeria / Niger / Cameroon?",Chad / Nigeria / Niger / Cameroon,13.00000,14.00000
"What's the longitude and latitude of Lake District, United Kingdom?",United Kingdom,54.46000,-3.08860
"What's the longitude and latitude of Niagara Falls, United States?",United States,43.09620,-79.03770
"What's the longitude and latitude of Mount Kinabalu, Malaysia?",Malaysia,6.07500,116.55861
What's the longitude and latitude of Mount Cameroon?,Cameroon,4.20300,9.17000
"What's the longitude and latitude of Horseshoe Bend, United States?",United States,36.87910,-111.51050
"What's the longitude and latitude of Mount Aso, Japan?",Japan,32.88444,131.10389
"What's the longitude and latitude of Franz Josef Glacier, New Zealand?",New Zealand,-43.46400,170.18100
"What's the longitude and latitude of Mount Ararat, Turkey?",Turkey,39.70190,44.29830
"What's the longitude and latitude of Qinghai Lake, China?",China,36.90000,100.15000
"What's the longitude and latitude of Halley Research Station, Antarctica?",Antarctica,-75.56806,-25.50833
"What's the longitude and latitude of Rothera Research Station, Antarctica?",Antarctica,-67.56878,-68.12503
"What's the longitude and latitude of Concordia Station, Antarctica?",Antarctica,-75.09978,123.33220
"What's the longitude and latitude of Strasbourg, France?",France,48.57340,7.75210
"What's the longitude and latitude of Ouro Preto, Brazil?",Brazil,-20.38560,-43.50350
"What's the longitude and latitude of Algiers, Algeria?",Algeria,36.75380,3.05880
"What's the longitude and latitude of Copan Ruins, Honduras?",Honduras,14.83810,-89.14220
"What's the longitude and latitude of Tallinn, Estonia?",Estonia,59.43700,24.75360
"What's the longitude and latitude of Kakum National Park Canopy Walkway, Ghana?",Ghana,5.35000,-1.40000
"What's the longitude and latitude of Acapulco, Mexico?",Mexico,16.85310,-99.82370
"What's the longitude and latitude of Punta Arenas, Chile?",Chile,-53.16380,-70.91710
"What's the longitude and latitude of Vladivostok, Russia?",Russia,43.11550,131.88550
"What's the longitude and latitude of Hargeisa, Somaliland?",Somaliland,9.56240,44.07700
"What's the longitude and latitude of Vilnius, Lithuania?",Lithuania,54.68720,25.27970
What's the longitude and latitude of Santiago de Cuba?,Cuba,20.01690,-75.83020
"What's the longitude and latitude of Salta, Argentina?",Argentina,-24.78210,-65.42320
"What's the longitude and latitude of Kedarnath Temple, India?",India,30.73460,79.06690
"What's the longitude and latitude of Tripoli, Libya?",Libya,32.88720,13.19130
"What's the longitude and latitude of San Pedro Sula, Honduras?",Honduras,15.51490,-88.02500
"What's the longitude and latitude of Port Vila, Vanuatu?",Vanuatu,-17.73330,168.32730
"What's the longitude and latitude of Riga, Latvia?",Latvia,56.94960,24.10520
"What's the longitude and latitude of Vigan Historic City, Philippines?",Philippines,17.57470,120.38690
"What's the longitude and latitude of Fez, Morocco?",Morocco,34.01810,-5.00780
"What's the longitude and latitude of Quebec City, Canada?",Canada,46.81390,-71.20800
"What's the longitude and latitude of Merv Archaeological Site, Turkmenistan?",Turkmenistan,37.66700,62.17900
"What's the longitude and latitude of Gothenburg, Sweden?",Sweden,57.70890,11.97460
"What's the longitude and latitude of Volubilis, Morocco?",Morocco,34.07300,-5.55400
"What's the longitude and latitude of Savannah, Georgia, United States?",United States,32.08090,-81.09120
"What's the longitude and latitude of Preah Vihear Temple, Cambodia?",Cambodia,14.39200,104.68000
"What's the longitude and latitude of Kokoda Track memorial, Papua New Guinea?",Papua New Guinea,-8.87800,147.73700
